2d190abb6cf8325ad3e2a6fbfd0a42276576f93e	2025-11-15T01:58:30Z
74ddb5f10a5fd0ed1592c69c136c7c306bc3caaa	2025-11-15T06:35:13Z
b2d729e94dc307a290e95699b1eeff3cda89d362	2025-11-15T12:48:50Z
50220fe4d201b2f2dd2d33eb1e17669878f6d88a	2025-11-23T02:22:20Z
ef23a265d8e0fd81dfd199dbab042c62d3a3b238	2025-11-23T06:36:35Z
7923f42f20c9946b0ad69604edae0b1aca825d78	2025-11-23T12:46:48Z
5110ecedfc8c5614f9d5810d963fc9835ee1c75e	2025-11-23T18:34:41Z
2b67de30af3c98ee76c251d1670c2e6b8097d38d	2025-11-24T02:10:19Z
da6e38eb8395b75fefcee7125769d7aa5f2686ce	2025-11-24T06:39:38Z
93b0c0163271fe222497d2a1aaf3d8e8e29e6cb5	2025-11-24T12:56:41Z
63a388b2ac42266346a8cc2f078339ba6ef74e49	2025-11-24T18:38:28Z
cdee0d58e38d5155ad23e62a6e5cfe58504c10bb	2025-11-25T02:03:30Z
29caf7fd91ac9b7c62a018cfd71944d81dfeeb3c	2025-11-25T06:40:31Z
996c39eed145e9987f1a4183f98de149c684d379	2025-11-25T12:55:53Z
d5452709fdba17033da5e5895374367fafefc25e	2025-11-25T18:39:08Z
c8a422c4005f1fa49e2c6ada914bdc974ef04762	2025-11-26T02:03:48Z
36fb1ed2fa2b9b84d193db538b985498ea9c14b8	2025-11-26T06:40:04Z
8674e405b56e4693faa012edd039ad7a207502e5	2025-11-26T12:57:29Z
59f35653c50edea4c0d2b40b86380a53590b6eee	2025-11-26T18:34:23Z
75a954b6ce786507bfba8173eaa14a4e910fefb6	2025-11-27T02:01:14Z
d88e626af43a387fcc3252a5f12836779816207f	2025-11-27T06:40:23Z
59ac58cf1575186e37b68604fe40340748066967	2025-11-27T12:56:06Z
6eba504caebb850c54921ea363c55f4cb591bcd0	2025-11-27T18:35:56Z
992c74690d591442133e369b574cbfbe47fda959	2025-11-28T02:00:50Z
603a805f7df028f3f915df95d689d829fc49a5f2	2025-11-28T06:40:01Z
a22c577944a1afe5f3b5205dbd8bd04055c04631	2025-11-28T12:54:39Z
4b6f1683c8b547134579d4d9e5077b470e542113	2025-11-28T18:35:48Z
35152fa8f87733a57eb9854f87a7abfb1fa88beb	2025-11-29T02:00:35Z
089a37b4d58ca798e7e18f9f95d6992b06bd61b1	2025-11-29T06:36:54Z
26aae74a7635854f1517aa03cc559ab4b872e78c	2025-11-29T12:51:37Z
218f788a49bce2151c87cc2e438fed3027b02219	2025-11-29T18:35:21Z
fd8daa1e8332c8f3f4c942925a4df320be802a7e	2025-11-30T02:21:15Z
3c3a08af3854bb90bc8d3f472163fa0d9c2ccdfd	2025-11-30T06:38:18Z
6b0d20c3e7f5315b07753a61e0a41e835ec6355f	2025-11-30T12:50:37Z
a80d4845ad7c477ed9feea2e0b585e7a004ceddd	2025-11-30T18:35:22Z
e8a654f414f9cbe5a250589dcfe2e4d9557a6e3a	2025-12-01T02:29:41Z
3f0d0a59e1d3f20bdede3d7e2537e2ef6b4828bd	2025-12-01T06:43:29Z
484e365a4223bedf851e6140dc3de5dcc8db5a83	2025-12-01T12:57:54Z
efbb7256d6e31224ae4d3021164e53801dd877e2	2025-12-01T18:43:28Z
b6a7a235a1079ebdd85f52f81760a043191ea8cc	2025-12-02T02:06:27Z
f9700c4d40032aa2df5325db69196c273e05620a	2025-12-02T06:41:26Z
80de1e54daf3515ebede4ceed7ea3e92ba419b7a	2025-12-02T12:58:16Z
d925476ee808584f51fb73eabcf761a194aa4ccd	2025-12-02T18:42:01Z
e01bcd08419d6677f4266198e9c3b12bc1420207	2025-12-03T02:05:13Z
aeb4280ba7143a94b12e0ab17a2470a07f1d189c	2025-12-03T06:40:39Z
7884ddc85a0d766969a6470132cb85c731af95a0	2025-12-03T12:58:40Z
ee73219770dae02595c899bc6e93dfcbd2172d48	2025-12-03T18:40:47Z
4deb9d8452080c1511215a3b5cf40a87a2f8da99	2025-12-04T02:06:27Z
b9678d7ac939ea30abd23acfe047692d2827972f	2025-12-04T06:40:36Z
5c996d3f1de4f2a95b05c64b575511131e3de059	2025-12-04T12:59:04Z
3fd8c2e6e9e4f1dd8a045f026cd3bd9f176ea228	2025-12-04T18:41:40Z
ad957c386df0fe0e3ff228f88995d10a367cda2c	2025-12-05T02:06:39Z
4a9c097d255d300ef97c191aae72d5f22c3c4fe1	2025-12-05T06:40:45Z
3d4a35bf8a091458a08a1653285baf4cbb9f33c8	2025-12-05T12:56:27Z
f1a57af2a9c9ee3407a25e41187829b846be96ab	2025-12-05T18:35:41Z
a5047780cb4fe7573fa60a1cdce864ab5c5209b6	2025-12-06T01:59:49Z
931f259d007783db2d76d92bd9e88ee0a66033cc	2025-12-06T06:36:50Z
8feb602f2b6357f48c145614c878c3b3d1ab81c0	2025-12-06T12:51:31Z
20cb8224fb6febe7543560e4a1d9d07c698f2d15	2025-12-06T18:34:51Z
d6bc9cec25ed71c0a9cd4634ce6ddca5a0d60cc1	2025-12-07T02:21:39Z
d7f133112ebd6bc2d4d8cb4ea2176346a80d198d	2025-12-07T06:36:37Z
9adc77869a41c23bffef83bd43bbbd8013d6f014	2025-12-07T12:50:02Z
5745e3d2a0ba96c3e7a222cfe353e084a199723d	2025-12-07T18:34:43Z
717d7a1a64752a1f60f37db4ff3ecd50f5834136	2025-12-08T02:07:38Z
9d37beb379e769ba41971e1831f67de400f12531	2025-12-08T06:45:38Z
2a7ad3e015bbc04172e2f23cb31e96aa19a0ba0b	2025-12-08T12:57:06Z
2c756c5e889bbdf393be2b188db8098f6fb0b0ff	2025-12-08T18:40:35Z
771b568263c678ead6ad007b113bfb460949ce57	2025-12-09T02:06:11Z
fe64fd2c8a8498595008957f6de4f92117a081ad	2025-12-09T06:41:51Z
559a5d91431b39b77683c73b39bf5e4500b33665	2025-12-09T12:58:59Z
7d08abc4097af3771e86e3d1363dd4f6b794f0a3	2025-12-09T18:36:34Z
58f2a39e78faf18a62938396b180ef95b7d55c2a	2025-12-10T02:08:32Z
c1bb101d88470c5547e45de4bceaa6cc5492cf47	2025-12-10T06:42:22Z
cc722cd3c642ba880a82d8a8064618a260af3946	2025-12-10T12:59:23Z
ce263f66d49cc08b872c9824d8f96590fa217cf8	2025-12-10T18:39:25Z
a186309308b40285b44b5c5ebf34850b69c85ecd	2025-12-11T02:10:12Z
012819ec394529c1e16dd3a2376a860f2399a175	2025-12-11T06:43:52Z
8e1ee9bee5d1dbfb74d40e931dbfa7f37f0ec8a7	2025-12-11T13:00:32Z
b5ea6cacbbce419c598535fd92d606377b7c92dd	2025-12-11T18:39:51Z
a183b7754f4136d7cd53c27d576b39a8cf1bec4b	2025-12-12T02:09:58Z
e87f9e7f8e802461f9eaf65dbee7d6687247298b	2025-12-12T06:42:47Z
6f8d1ad1b954c9ea693ce84fba2a4c7e3774c6d5	2025-12-12T12:57:43Z
2fdd832edeb873f124d9416bab5d0c61dc7987a2	2025-12-12T18:40:15Z
acbef1ab76ed45f88827bbbf7e9afb6ef58071ed	2025-12-13T02:03:10Z
0d559e04c68e99aaa7635449a33c7958cbf59137	2025-12-13T06:38:38Z
71ca705c51261982cb1cda74b8817e37ff344689	2025-12-13T12:52:40Z
3b3d745d28f5450e96d6252b994661ca92fba3ca	2025-12-13T18:34:42Z
ef5416de6b40fc1b7f9e86ce124bd00fb905bb62	2025-12-14T02:22:24Z
f0b4626579295e88d06176dce016006b399a245f	2025-12-14T06:38:31Z
8bfecb94f2d6fa3325efd2b54f3f427bc38e726c	2025-12-14T12:52:37Z
1c0495abb9bb949e477dda9a152854dde517cc1e	2025-12-14T18:36:17Z
089f6249e18aa7007671fab17e773194f6c3359b	2025-12-15T02:19:50Z
291f9a361385860c92980305283dbbbc92d9425e	2025-12-15T06:46:00Z
bd27654667d3121c208f4016d40fe7642055858a	2025-12-15T13:01:27Z
e65723e879ef0509d7597a1ea3378b416b00d5ba	2025-12-15T18:41:01Z
b10815eb83573de4740d156c4a67a88ced25d7c8	2025-12-16T02:10:42Z
c2d33632ce4c3a71dd21bc5112bfab419c0e8b70	2025-12-16T06:43:43Z
5d9b5c8f4a1bed41ad003801eab4b0e0b26cc6c2	2025-12-16T12:59:48Z
f2214c571b6cf0273e76a03c37edcf87f4e3e905	2025-12-16T18:41:17Z
e2ace26e0446483b69f60d9755142dac285fc0b1	2025-12-17T02:05:40Z
5d5b94027132fbe19c76f01ae7734d1eb4313424	2025-12-17T06:42:41Z
744e0fcb6c3f9889cd81cfa7c34a5e4ddd229480	2025-12-17T12:59:43Z
db4a93cbed48550c5e7737071fa3d6ce17587e9a	2025-12-18T02:06:19Z
1dc53840c14c4332f64ff6a2952bb14208680c8d	2025-12-18T06:42:24Z
05ea5856e67bba08418e8f33058b0775c5241194	2025-12-18T12:58:21Z
4172416d9b0a9effdf7852d7a701b7e3f3428de2	2025-12-18T18:40:46Z
68f3221dc6bf60b071bbadad2003284ce6cb6fe1	2025-12-19T02:09:31Z
65214d602db01c7335fcf6de2e93219569820d71	2025-12-19T06:40:58Z
a0c30d38ad392af4ce906e2d874fcddd1441f798	2025-12-19T12:56:29Z
0a701af849358ca08e35e8b95f78e69519cf9bd3	2025-12-19T18:39:09Z
d9fc6c15275f1c43b6846e7646a8702a4fe7450f	2025-12-20T02:02:55Z
66aae1d3b03a02340f2e431094485712b4372282	2025-12-20T06:39:13Z
cc6a5a7351fdaa5e681b192cedf48f2cb4975ced	2025-12-20T12:52:07Z
362ad48e28af0e82f5af9e38a2899c3136281ccc	2025-12-20T18:34:16Z
379a06f3c0eaafcc9d3bed46573ffa56937e4f35	2025-12-21T02:22:27Z
9e4f3449a9a3e7f74c4dd4fe161fa9a04c05a065	2025-12-21T06:39:27Z
0de35addddc6b0cdf2bae73bd01991fb022c9156	2025-12-21T12:52:51Z
663b9ca714682fa6efd72fd65b7183b129c2631b	2025-12-21T18:36:22Z
3de48054ff8f6ef4316be7f3d8ba27fd7d3b9f3b	2025-12-22T02:21:17Z
d89aee1a6a5c99ef06c4a44b8ad0acb48bf23d7a	2025-12-22T06:45:25Z
dd4b642d66ecacbdd4b45569d3f374792b6bf40c	2025-12-22T12:57:33Z
20bdd1b3c75cbcedc525b88ae651dfdbffccbf72	2025-12-22T18:39:59Z
f426e9bf7899f0382b19327ec265a55a71d7104f	2025-12-23T02:10:48Z
c028d77cacb0937cddc80e77a1ad6368ef458583	2025-12-23T06:44:40Z
38e40c4533e260a1802b27e31e3578627b8094d6	2025-12-23T12:58:34Z
3e4348ffc70df94399ecbb564b84946e2af2935f	2025-12-23T18:40:22Z
a25355b5f645b6418cddf3c7eacb3eb6d235513c	2025-12-24T02:08:35Z
51af5f065190a67c372a5b10aae371cd57ea7d82	2025-12-24T06:44:26Z
b81fd220b3738c1e4da249ae93afd22fb8f21388	2025-12-24T12:56:33Z
7d8fa37f6d52235f348473ba7038b60dc58a5a03	2025-12-24T18:38:31Z
6ca23f13313a8c07a70ec0d42ffc2c7b7f26a066	2025-12-26T18:38:10Z
657d9ac418e325c79a6bf670feaccf76e660e0ac	2025-12-27T02:07:58Z
fb8f56e34d4f443e1136cf7bb227b10c4cdc3516	2025-12-27T06:40:11Z
b772c8bae0ea2b2ccd671d1b6ebb4b7104f766be	2025-12-27T12:54:22Z
c7cc88cc5e00d1f7f940426f30fbeab7727b5715	2025-12-27T18:36:54Z
d8b55e8a0ad1b1942b8f374dec987e5c2ea26ae0	2025-12-28T02:28:53Z
3153fc59312610a31a6dd1ea83155cf1a4a6a6cf	2025-12-28T06:40:30Z
2cf80cc5ec8d0a9f8811f4bb7494edf01ff0c5af	2025-12-28T12:55:19Z
b6b617422ab534c72ba205ea00ef31faba9d59d1	2025-12-28T18:38:08Z
13cf004167ff5fd76351b475b8fdf3d41d0db059	2025-12-29T02:26:18Z
f4175b447013d36e7de6348cdab4ef979dddb698	2025-12-29T06:47:28Z
cfdf4751ec1687cee7bdedb39a05aa969b33b372	2025-12-29T13:00:29Z
f6c880226fa706757d481177754533764e7a17bc	2025-12-29T18:39:33Z
56dc59336424678f2c3e205a46e55d3c5a054c99	2025-12-30T02:11:37Z
2cbc0787a98c769ed6e7bb27d3b6ff692e757459	2025-12-30T06:42:39Z
74607587c40c8d9e5a9446b5d65c39cbadaa1cd6	2025-12-30T12:59:14Z
2b38c124041ab54bc5bccb4dcc365b2c4401c011	2025-12-30T18:41:09Z
a5b43106346fc9f793312e52a4662972b7e7ec48	2025-12-31T02:11:50Z
767400c6e5e2d1b528001ea9fe90a3182de1e164	2025-12-31T06:43:45Z
501a9e77940e6a891552152082bd013d1d62e8e8	2025-12-31T12:56:42Z
da224770be7698a2da475625a278bd63a7569ca2	2025-12-31T18:38:58Z
e7552e5bb061d61d5483273cbe40e3fa992414a5	2026-01-01T02:29:24Z
3854890900958565810b7ea92e5d8729cfd33c2b	2026-01-01T06:43:49Z
468b3419d692142bd48e511c6e8413f765444e86	2026-01-01T12:56:56Z
62ebc5c5761013b329ed77796a7b35dc624f9da5	2026-01-01T18:39:09Z
008fd847de21ae00db8bc1b8c68af7e81f2ca3d4	2026-01-02T02:19:53Z
54f891e1cc87f6ab1fcaedef21a84a1dfabe883b	2026-01-02T06:43:59Z
39bb7459021cf09a47a272141b87fd5bfdf759bf	2026-01-02T12:55:59Z
6c9b99ce5adbb6a7b68a58d3375a7d1a6d3a7d47	2026-01-02T18:39:02Z
6c0edaa50a5373e15dc4a03711194a96931b2dc4	2026-01-03T02:06:54Z
3315f29926ae2335653b05e2154301b5292746a7	2026-01-03T06:40:29Z
a140e6b9a483c749a84867f68a5a3934b2b9a664	2026-01-03T12:54:08Z
d72eaa13ab2ae8aa1d6317a99e1b1f72953a1aa7	2026-01-03T18:37:19Z
8e102e4e19252f8efeddfc95e6c3a20521116082	2026-01-04T02:30:32Z
88256bbd0be43dbe716edf914394f97d13fbe448	2026-01-04T06:41:12Z
0bb94952d0b62551a6e7f67cd1a182ecd8eb8a2a	2026-01-04T12:55:13Z
24c83102ad7cf40929288a3444e0095044925298	2026-01-04T18:37:28Z
5cc9a3c6d0cde77b4ca7fb3030039675d5cabc69	2026-01-05T02:29:57Z
a5f6ed8bb698a3520a70d47cc6793deceae85bd3	2026-01-05T06:50:31Z
728f26deacd4d6e946b71d83e2d6532413eaf7cc	2026-01-05T13:02:05Z
89f2f351940f33719d08c727b995560f68b5c5eb	2026-01-05T18:42:50Z
4a0bdf7b46a263054614d3e9cff5b9fd3e005726	2026-01-06T02:19:29Z
3364f152a83f2f2b79fedabf65027cff9e2b5811	2026-01-06T06:45:51Z
6b66a5649bcc4bfc210cbc290f8d16c798308736	2026-01-06T12:59:10Z
15a86c96916d7ff1b66ad2f88651aa478cfe45ba	2026-01-06T18:41:21Z
a050a20fb3b4a318a45e954a0f81f3894f86f5c5	2026-01-07T02:19:06Z
167959d4b431e470cdd2ae9f4cc6973f5349605f	2026-01-07T06:45:37Z
ad30d9bfac14c0cabe468ca07b25345f96d428cd	2026-01-07T13:00:56Z
3db8c9ebd40f8993e8045d4d7a623e44a5433321	2026-01-07T18:43:07Z
2a50a7e112dfbe9bb8d63a69465b491f30731ca6	2026-01-08T02:19:42Z
edecfbbb361631b7113046b3b36af79c77b1aa81	2026-01-08T06:45:32Z
9c18e11d83893c9571253cb4b1041dff54ed43a3	2026-01-08T13:01:09Z
303f3c205d2404c39bbde127f486c87cb5abcf92	2026-01-08T18:38:45Z
b72966a692870d63e484ae3401816d462b1945ec	2026-01-09T02:20:20Z
7f5acc094393994657a9efeffb0754a7649ee2cf	2026-01-09T06:45:41Z
78ffe50fe734f6c13011cadcdafe9f8d9be0ac75	2026-01-09T13:00:21Z
6a6239b17f993914205d4134eb98d88249689034	2026-01-09T18:42:26Z
f4e0a1be0cc6dcaa4e9bee44424c21c2080f755b	2026-01-10T02:10:06Z
3a0ad18a27a3aadcc06a7eca024923557faaf9dc	2026-01-10T06:39:38Z
922a9da14e2a531c82e9581015a6288c6dd0e7d0	2026-01-10T12:54:11Z
59339a9af93dff3c92cf1d95e2c01af008098c05	2026-01-10T18:38:04Z
47a6fc6ba7df2543fd64b3281bdc7fb52c4dd612	2026-01-11T02:30:15Z
1cee236592b546b3a1477c4e945089855d75e5d3	2026-01-11T06:41:27Z
1d8960f299807797662166e933d986f99fc324b7	2026-01-11T12:55:51Z
a11c76956ecb99ca38c5f20ac475204f203a2aed	2026-01-11T18:37:47Z
8312ed4543e9df571b8f4284698553880814c9d3	2026-01-12T02:25:51Z
515d2ed2da60e5c4ad071f2d0d1eaa3977125dc5	2026-01-12T06:48:58Z
41a9943c092eef3f6f9365aa25db83f7fb32a856	2026-01-12T13:02:41Z
d1d934f6a01c708836f7178a8fbd24b5575bfea9	2026-01-12T18:42:47Z
257b21fe28c62613f9fcc0c52ae50f9288ca11b5	2026-01-13T02:11:21Z
1aaf2a9cb9d81afb6e7b6b39fb5e864b8398da94	2026-01-13T06:45:24Z
ad00c6f4e6ff2bb5aea01f8a27985d5644dbca5a	2026-01-13T13:02:46Z
e77858863359951738a3cd316af15d6dc2fe3c19	2026-01-13T18:40:16Z
d9da484337c29c6dd000628ef0c690b7af0f5710	2026-01-14T02:24:42Z
fdb1ad27955b7d9324fdc5436e323cfb3218ecd6	2026-01-14T06:46:02Z
a5e18c90ba265e132be7607d812455620f6d5df0	2026-01-14T13:02:42Z
4c72ee642c8f7e28ae015a55628aed1336130b3c	2026-01-14T18:43:52Z
ccd735593052c4c7b316e159e60f23732d7d0eb9	2026-01-15T02:19:11Z
f299139c057e4f12f00dc85b29a9454f8a3a93a5	2026-01-15T06:45:18Z
b35f42e7c7f560eb56eec18c2f9d9a780b943cb8	2026-01-15T13:01:08Z
5df4e2d9d1ec468b29c8a121c1be75f93b4839ae	2026-01-15T18:48:00Z
d8ebf27006e8d61d36a7507795b1ade6067195c4	2026-01-16T02:20:54Z
c34cfa008a6824af57b9aba75b7972fd93d4e562	2026-01-16T06:45:09Z
d2722b583942d0bdacc584fc49bb53e4df3cade2	2026-01-16T13:00:01Z
8e40e6a26fbe2c23ca0f2bb63442cbda89536924	2026-01-16T18:42:46Z
63cbc71bf90e14806ed90f61327186e6f5180a4f	2026-01-17T02:08:31Z
c06ef687ec7ca384e526cc35a0d674e42d0f35ec	2026-01-17T06:40:07Z
e7a43566d20b118736101c0ad57fc7ddfd97ba8f	2026-01-17T12:54:01Z
6831a24ecff7addffbdad845d880aaf746f71676	2026-01-17T18:37:15Z
d55929b43a60383b06116f46e889922cb4e2d643	2026-01-18T02:28:51Z
167c53b03b1fad8a4add61ebd4d4ab9e1813f317	2026-01-18T06:40:38Z
36cbf1a551910cd24d31e8394f92722c2f6951ab	2026-01-18T12:54:26Z
2c691c370b038db4184768293ff03591d2165361	2026-01-18T18:36:41Z
84130b0233710895a7cfd55dc793872272816e1e	2026-01-19T02:26:19Z
be476fc0e6854a6f12502bca1f8a46feb9ca49e8	2026-01-19T06:50:32Z
986f0bf87b7d0a81edf4abb73c0f00ef0cc86935	2026-01-19T13:05:40Z
e348109e1c23070a4438720875f9300b416c04da	2026-01-19T18:41:23Z
f396eb37150eaaa796bb6ee75a0019e69e4b5442	2026-01-20T02:21:08Z
2c634f5f588b5b4395cb0ebb8e2eca24cb682390	2026-01-20T06:49:00Z
2d2fd91fa236bcb99cf7a6ee63d8ca32a1480bef	2026-01-20T13:06:26Z
639c43b96971a3213978fec073a7e0db6ac69afe	2026-01-20T18:56:31Z
f2c1e40eea1ee0780f64b5952065d55cdfbf1246	2026-01-21T02:23:59Z
670c8e624ac68a82bc442c686349307a17f2d9e8	2026-01-21T06:49:16Z
b42f8d0bab454dc0e3c6394281a21551aab098ff	2026-01-21T13:05:34Z
aa654bc73806a940cf51efe0e363b2de2a9015b1	2026-01-21T18:52:50Z
ac0483774bd446e3d64c10cb8c4f512c3d7ff94b	2026-01-22T02:25:15Z
699135977821bdedd0946c2e13e681627ac53c86	2026-01-22T06:47:12Z
153818ddb4aacfb29a29b3034120aa57960e5046	2026-01-22T13:06:24Z
01bc0b96bd7668b43d70c75b06f73fefb08fcf18	2026-01-22T18:45:14Z
10a08b23ba52078b1f30ee89722ecbab092e892e	2026-01-23T02:21:30Z
35887e077cc9bcf3bcba64334046556b9e8a582b	2026-01-23T06:46:51Z
68412a01a6dd12b127a006e1a51568e1f9102db5	2026-01-23T13:03:09Z
6201c8ef5cb8d2d66623a0f0da129eb831cace43	2026-01-23T18:45:16Z
7130f33003e9273e7acce80d227cfe94dfb6dda1	2026-01-24T02:11:32Z
274db500f22ce715a9b149607d55d26d15ca4232	2026-01-24T06:41:04Z
526b0540152ddae7e0b51d25f7e22f45c4401767	2026-01-24T12:55:17Z
9c4f79198ec9b0ca0110b94601af356b5c938098	2026-01-24T18:38:51Z
6f77bb4b4660dc3c9be0b567da744ab6b355cc8f	2026-01-25T02:32:49Z
12aee43b3abb374cd4bf7d127413d91e0ea2dabb	2026-01-25T06:41:36Z
a9565c171f36699c5d432a7587ae3497797c6b03	2026-01-25T12:57:15Z
656c50ecc2fa98a1fa0275d8ab2b1e6e20be9fc9	2026-01-25T18:39:00Z
4ae84193c9b0c9ba4928e49023e447e8de8fb5e1	2026-01-26T02:31:45Z
cae7b5fb842553855c0c89a400c5dca84a91f30c	2026-01-26T06:50:05Z
c2e8a74dde9b509c6a8b0e15bc27b05b09b657e6	2026-01-26T13:04:14Z
fcac8b360b7393ff5349a8023bc610ccb3426113	2026-01-26T18:48:48Z
6395f21f85a01481e018dcb9cefa1cb15d56fb68	2026-01-27T02:27:21Z
e052180cef4bde225db784d541cedc8c6279f739	2026-01-27T06:48:19Z
0fdc2a535594964990f74d4abc4873f636e1c8fa	2026-01-27T13:06:40Z
96c7e10f14ee4500e33ee67175093ff812e437ca	2026-01-27T18:51:10Z
9117ec5fef85d561e11d350ddf9ed954cb656572	2026-01-28T02:23:24Z
daff2bfde16b7d3be851de8d4c408f4e270b5ff2	2026-01-28T06:48:34Z
77e9be93b6e1926c9bd8bb7113704a0407578b68	2026-01-28T13:06:59Z
1f29bec4fdd0a4ccb1530d14c335e8e28fdb1983	2026-01-28T18:47:29Z
069bef4fd869150f7864b2cf18dd168f891d235d	2026-01-29T02:40:33Z
1359de5176ddabf20be3f7edc7c9b201d4b343e2	2026-01-29T06:58:43Z
caee98f3f52ed1a07d26867af058d51d0d71d80d	2026-01-29T13:14:20Z
af5a860e835f7f4c00b4f6deed0494b5c97cc3fd	2026-01-29T18:58:07Z
2e7ee0711e8bf9b45407540dfbe42d06a7467851	2026-01-30T02:41:09Z
18a235c4a720d6aabfc442fd7b61dab86e34b8b6	2026-01-30T07:00:08Z
330c60e01eb1a48c28ff97147473c74ab4024c9b	2026-01-30T13:12:45Z
c8a9ce26457e9d73441fbd4f195d41f0248e3f5e	2026-01-30T18:55:15Z
4d893d76a4199c433ca7ac5f2a8ad93854226ba9	2026-01-31T02:36:04Z
9a64387e522bbcba7b97e1ea763f1e55b2c4decc	2026-01-31T06:51:04Z
8cb3fcf956ba45802fdb7eee519352f89791fd3b	2026-01-31T13:03:43Z
d604548f106e7e41bfe3a16e9608469ff901726a	2026-01-31T18:42:14Z
22f625b695a93015211f3b91c491a1db6456e816	2026-02-01T03:18:22Z
d34762737a792cc41addfe93694b4128abf24854	2026-02-01T06:59:44Z
a4078bf4118b738e092ffc6cf76fcd66f77dfe40	2026-02-01T13:05:53Z
9a91c9c6c15e4168e5e062d71029af2507e7053e	2026-02-01T18:46:58Z
f7a7786cfdcdcf0cc341adbede0ac030f6e8382c	2026-02-02T02:51:09Z
d62432a35850321973256d6f6b5786be00ff36bc	2026-02-02T07:12:19Z
2535b8629087760b3f9ec0fb8cb62ceb8dfa2b16	2026-02-02T13:17:05Z
8a6133b7bf226b6a05a8c6783946199e8be16a1b	2026-02-03T02:47:27Z
cff171fcd3e97ebc49bbcb54a64ea0ada203b50d	2026-02-03T07:01:28Z
60008762b79d31412f9376eebecc6f8df3a92b3c	2026-02-03T13:17:31Z
f14400bfd9fa2895a2962e5112f22ce5b47e9a36	2026-02-03T19:05:06Z
76a45318c7ceae68d008e617cbfdb44946c469a2	2026-02-04T02:41:55Z
72034f2522304e31a784aaf4de1569c7dcecc3e4	2026-02-04T07:02:52Z
9f9ef05f8e499134efeab7c72227780488acf787	2026-02-04T13:17:08Z
1c76529b7c9248b1a5e964fe644aebce47971d65	2026-02-04T19:00:05Z
98ca6f5cbf93da388098d7788d20daafded21d3d	2026-02-05T02:44:14Z
c251c88272d42ed2657f3b5e217a68f9d2670b38	2026-02-05T07:08:56Z
3ccc5334677b32e0882803f80fa7f1fd20c643e1	2026-02-05T13:19:09Z
f8880a17939a6d78884b4b246624706f111c2e65	2026-02-05T18:58:53Z
7b86a201de8b1bc8c1e4c94e31844c6bc0d9b2ca	2026-02-06T02:44:20Z
5b12c79b625acf76db40816c8e393a5e0d894210	2026-02-06T07:03:32Z
cdda0d18d176e6498fb5282e3f34aad1829c9609	2026-02-06T13:16:52Z
569ae98b2b38231b88f56dceec41ade527c07822	2026-02-06T19:01:06Z
fc02765c048ea59f50c0caae20abdf37a91ed9a8	2026-02-07T02:40:00Z
a625cb96f2295d516130389ec8f4270e3bb77764	2026-02-07T06:53:53Z
2edf76e6b4471073b8e224ddd2d56f99593c06f4	2026-02-07T13:05:18Z
15a3221ccf02c9083059044814993655d79b217c	2026-02-07T18:46:52Z
ab1374cbaf4b4f71f646fff39b68b108887c2bf9	2026-02-08T03:23:53Z
9804c38608d33afbfeecae4b5fd1fc3f50bc02c4	2026-02-08T07:00:15Z
c6d079a1a7d4f6d5791a1b09b3bae607453b167c	2026-02-08T13:06:10Z
9e4e6913ff120984b99c9c2c8ff0cd502fefa0fb	2026-02-08T18:49:02Z
6b1bc962b2495a35ab8802ac516828a82ca4a8a1	2026-02-09T02:52:00Z
bb8f498e759055c6d585f62c13b40ddd02c6ea42	2026-02-09T07:14:55Z
a8cd8176eaa7027122110d8e19fd2fcdc4de0ab8	2026-02-09T13:25:50Z
47c2170f633a5a30e1155626d79a2e33c0d3c837	2026-02-09T19:25:34Z
b851e3902bda96a04a32163d422376b571e786f9	2026-02-10T03:16:41Z
9a5f087ca1b1ad14aa4250363ef627545916b6f2	2026-02-10T07:16:29Z
6015707ce9f591cd63bcf28263142cbe9c498eb6	2026-02-10T13:41:32Z
42b3d8c3cce6dd89cb5f043d83a376cd4e0ad3d9	2026-02-10T19:17:01Z
7f57d979a15ea87ba14e048cafb93feb070a88c6	2026-02-11T03:14:22Z
b5cc7ccdb40171d3e6627229bb6a1151464eaaf5	2026-02-11T07:13:06Z
0d92f670779c93ebc8ccf81b73793654c540c467	2026-02-11T13:38:31Z
5ce3e2b65811ceefc11fe5cc4c0103d55c028bdd	2026-02-11T19:12:59Z
ee9d6d2dcd7cd31276086ca791614cf320843517	2026-02-12T02:53:58Z
2ea1ca12dc7835798b26298f398d70fa22d0ad92	2026-02-12T07:12:28Z
ac3afcc137bdb8648364e2b4ea1410acd77610d6	2026-02-12T13:25:53Z
52d9f6ffcdafb164cbdb520fdb6a51d9c68b5d4d	2026-02-12T19:13:48Z
ed4fcd8b250d7e8f33825c5ede7f7d91cbc3ea09	2026-02-13T02:54:11Z
4312b4f3d58d9e7951ea7ed46bf1387eefbdcd7d	2026-02-13T07:08:30Z
585946f4cd12955869c25b82e0dd71bdeb2afee5	2026-02-13T13:17:49Z
36d7c59ee2ae486160979402d701b65db94b5c4f	2026-02-13T19:00:49Z
1f5960649ce26c8ab014870f7b1aca329be8b2ef	2026-02-14T02:41:55Z
007864541d7d9144d3a0bd7fbf4922906cc5cbe1	2026-02-14T06:56:39Z
0d3c3eb8f0e65bf5ef53d1960733b4b05e3775de	2026-02-14T13:05:30Z
cbfea71ecfd5c5017c26d6e3eb2132b6d3965af7	2026-02-14T18:47:10Z
c1fb0d20d698650f6b6c6e7fbb086797134a5a43	2026-02-15T02:55:24Z
d8e323f8f1d4993e8cf85a29b7a9c6492e022269	2026-02-15T06:59:29Z
2c70b91451f904e66d3b8e4f500937e7b7d3c6a4	2026-02-15T13:07:33Z
b06e3bed297907feff8739bb30882ab9411ef64d	2026-02-15T18:48:58Z
806e3a43b2912855ecca5bbf1a290acf1a37f3c8	2026-02-16T02:50:41Z
cb9b1779efe5704a458bb26df37c32de88acc19d	2026-02-16T07:14:46Z
ecba433e48d9f91efc8e100d912f55024f71248d	2026-02-16T13:20:39Z
546f0a42a1b73561869c449a48b7c81e148ac602	2026-02-16T18:55:38Z
86c024754c039668db0f040c13dc304d63862142	2026-02-17T02:47:14Z
e70408d294d8dbe4a0f5f9424933013f244e3600	2026-02-17T07:08:32Z
1d17cae1e8c08c091bdb322472f6321698902948	2026-02-17T13:20:53Z
13004b543dee0c9a24cb445bef8256deee9767e3	2026-02-17T19:07:51Z
b712a9a43a9f03cd82897a5bf4cc322b0b6fd84b	2026-02-18T02:50:26Z
ece3dd7155bf014bfe0908187050102352592a2e	2026-02-18T07:10:21Z
15f070c5bd1791e54a7148d93c3c7c16366dfb3b	2026-02-18T13:22:47Z
735917db5cf4182edf62156dbfe354515241ae72	2026-02-18T19:05:46Z
2d6e22f8b9d49861987f91545ffe6b89b7fc8bfd	2026-02-19T02:49:14Z
125b39474e6ce7d15b10081bb49ed2f33b0cceb9	2026-02-19T07:09:38Z
d1c443bd5d8b8d1f9e61700dc2dcfcf821eafa96	2026-02-19T13:24:13Z
9a59ea374cec805dc350f8ffc8eec33a9436429b	2026-02-19T19:01:09Z
815998e470f07a358d650ad45155487fbf5294f9	2026-02-20T02:44:12Z
4bae8ee77fab141c85370731ff83cf5772be057b	2026-02-20T07:05:59Z
258bd9e316311c0509295bdc61f61fb4f090355d	2026-02-20T13:15:06Z
1a58dd194f2040bee12fd3a6a4f2a8230ffb85fa	2026-02-20T18:58:40Z
2fdca8ea6aaaac0784f934b1f6698aec98dcb3d3	2026-02-21T02:38:04Z
ca90673746b6009140d6fd9c59f9f35034208951	2026-02-21T06:53:52Z
52345f2f95605a417b1a5af9f115714ff14bb67d	2026-02-21T13:04:12Z
beae51577cd1d83b6fe83830688ccbdfd28914a1	2026-02-21T18:47:22Z
f830e96544ad9766c73e24cea315d9405042ebb3	2026-02-22T02:50:47Z
43b784ea13e510280784ca259e806e7003a5e355	2026-02-22T06:57:50Z
163023c946fa33b045da2441c6fa4b901f5579ae	2026-02-22T13:06:08Z
84c174bd71e1a799e37f298d16462d9a9efbba9b	2026-02-22T18:47:48Z
58911759543264adaccf86fefbfba172180949d7	2026-02-23T02:50:56Z
c7d69fcf282b744fdb5cb3e9695081bd70525d61	2026-02-23T07:15:50Z
addd41467505aa4e58d59cbeb58a8b96cd809ae0	2026-02-23T13:22:12Z
b356b2b5391e7b2a9f498563ceb9a87d10d02740	2026-02-23T19:15:09Z
aecb0b9e30d806a0460a049d6b53ae4a50fa6466	2026-02-24T02:47:53Z
52c3989c64a903fbb8106174ba57c83a5e459ac1	2026-02-24T07:10:00Z
394f9b70d57c5614b61806ed0eb505a2de8a3694	2026-02-24T13:23:48Z
d449746e10d304b6bc3c8ae2ef02fde2aef3a00a	2026-02-24T19:12:24Z
bbce7a5294794c8d6a6bbf3e3baa27ffba94c64e	2026-02-25T02:49:21Z
d67726442ee9308778689e0bc327fc7085cc6484	2026-02-25T07:11:06Z
1bb7e09d3d1c1d44ccaac40f3b06cbe51082b314	2026-02-25T13:23:05Z
fb266030f3616569f31d47b426991f37046e7667	2026-02-25T19:15:01Z
150a5a413c7dc0c857a092e97f65e867731be483	2026-02-26T02:43:59Z
ed808f1cb3d356737f47db1d7d80341c65299158	2026-02-26T07:09:47Z
0127bb062fe4dc2dd3b4581971c8ea000bae80f4	2026-02-26T13:24:12Z
127e7ffc51cb06b22c24a139919fbe9cfe3de6f0	2026-02-26T19:02:39Z
39f4d1d8f6840bfb08d3c750e09fc22c1e5128d9	2026-02-27T02:42:40Z
dd3e318237d4bac27d4245eeb0aecb4e1805d2f9	2026-02-27T07:03:41Z
484fa65ae9843df27b2e5acd014a5c3263d51c19	2026-02-27T13:15:04Z
319545e61f31e326c9ba869038f4a8474a208d30	2026-02-27T18:55:41Z
3d548b03ff93c3caddaf5573491bf251b9f089cf	2026-02-28T02:31:10Z
c66c1716006c76950ba24b3376196db204584b33	2026-02-28T06:50:39Z
8a32d88c99a876d35701320b9d98ef5fb1fec7dd	2026-02-28T13:00:32Z
75e34259cf7c07d821fc3fcec3d327aa733d8ac8	2026-02-28T18:43:09Z
748e63113283ba74d6e60319d33f4cde75dcaa88	2026-03-01T03:14:26Z
c57bb56baa19990da14542f12c6f810d785aa3ac	2026-03-01T06:56:04Z
04f9d7aa7189db8e4173037e9890540f51a580d6	2026-03-01T13:04:08Z
648c4be0cf570893538265380d7d1d67c6063e88	2026-03-01T18:44:50Z
995109f8b5f02b56e550de372674d1bb3621783a	2026-03-02T02:45:20Z
af67c29dfde9af68ab27cef117482514f318d708	2026-03-02T07:08:22Z
8a14aa7d2582fb8b0f43bb6f319f83ed73663b87	2026-03-02T13:16:10Z
ef6b23a3eb1c8f4e5ba7b6ed4c648ccb490e602d	2026-03-02T18:58:59Z
8869a12b0968f4cb170636e1f640b1b640b442ba	2026-03-03T02:48:03Z
75d6e5efa7e4c75e27b1e8aaec5dd4441a84279f	2026-03-03T07:02:14Z
7ba88128f8b3419b88391872cc2272f03ec5f63d	2026-03-03T13:14:37Z
8231e78905e6c731f405551c4297442e68daa98d	2026-03-03T19:01:18Z
0ca49cc9e528c2aa99ce38c39714b20282f496b2	2026-03-04T02:40:59Z
077cb893fbde22ece745365d51e16ecb8f09fa8d	2026-03-04T06:59:31Z
32625745b575b9f7dfe0caa98b3263b366a8acf1	2026-03-04T13:13:40Z
030a4080357d5eaf64d18c60f59d8998af1355bb	2026-03-04T19:01:02Z
38bc153442f3f524bacdb81facd2a27125e88649	2026-03-05T02:43:54Z
df7bcd5acede1a0669925aea8be903739a1a001f	2026-03-05T07:02:35Z
11030a706439485090910fb01d57c6de1ab14437	2026-03-05T13:17:24Z
eead243e53ca242a4f4bf49e645f603f4e6f0624	2026-03-05T19:21:19Z
d4ee9beacb0ab430e792123c5f2e42b38150d4aa	2026-03-06T02:41:26Z
281c91b5fc66af23b979b57460121412a486970e	2026-03-06T07:01:20Z
2e3a2f75387c580a90624b1505b4e90f041a53c0	2026-03-06T13:13:03Z
e2c8c1308ebc0654eaf1fc9f9a62e129c5d88dc1	2026-03-06T18:57:02Z
95ad4f0c0106588bd801fce1ef5b93118d67aec5	2026-03-07T02:34:01Z
c875fe39d348747aaedaee0f81b1b0e544fe700b	2026-03-07T06:53:04Z
8e2308a43082acf07dfcb6ac51d12cb6a8181650	2026-03-07T13:02:57Z
4db6e05e388a21e4805eefdbc4b5f46b40bbcd53	2026-03-07T18:44:09Z
85468fafc6016bb0405f9b0bfab755e1c7dbb27f	2026-03-08T02:47:43Z
d4676f111bd055dad7d961a79d93dddd20e038db	2026-03-08T06:54:40Z
ee422eb0391ba988b5cd7ab0e0d8dd8acd134462	2026-03-08T13:04:21Z
c410a0a1de337ec865a52fa54c78dca58df71d11	2026-03-08T18:46:04Z
0d87f246471ff4d4f01dff3ec726f08dd554885a	2026-03-09T02:49:03Z
94277a36e1e342d20d6831506e284ebb1e7e4ff7	2026-03-09T07:11:48Z
a4080f89ff30853f54e318703a31c00570555d03	2026-03-09T13:21:08Z
61dc83a3813a4e607f4f891746775ebd3477ec9f	2026-03-09T19:02:29Z
04ef1a7cdde205311b6a27056347ef2fe4d0fe68	2026-03-10T02:40:20Z
8f8ddf0e98fc791755ffa0e40b51b7e13cc96b85	2026-03-10T07:02:04Z
cef107489bd82c7fadb8698e70a0d75333a18d02	2026-03-10T13:18:38Z
0bb1685110aaa93195a5480e57969bcf5be7a171	2026-03-10T19:00:07Z
e767423c22a2c4f3e61c739921dcf6d347c19996	2026-03-11T02:39:41Z
7c4c7d474d254bbb07e706a5702bcf52227ee50c	2026-03-11T07:04:22Z
7a2c50a8ad8cf8bbd055e5c131edf141d5b955ce	2026-03-11T13:18:11Z
2684be716a22be7a726e8a55929af7f507dc7ef3	2026-03-11T19:02:50Z
e4b35084ab80379880bc30ceb1d251110df444a9	2026-03-12T02:45:20Z
e538d7d87675a82a96d57a76161b128c89820bcb	2026-03-12T07:05:47Z
246cdfa6b521efa90adb8c52a964c3e4e4e6f800	2026-03-12T13:18:27Z
f0cc3e2285bb16a9b607194fb39f7030091f3d84	2026-03-12T19:03:25Z
30aac774c5553832bc2b719e455ca1cb1c2f4bce	2026-03-13T02:43:18Z
b9191ceca4ac1e12c9c4c195453710026dc431cb	2026-03-13T07:04:48Z
ee55bd39842091ef0f11627315dd71f0e624489f	2026-03-13T13:16:17Z
fd21d01b532633615723b4e175cbd63396fe3404	2026-03-13T18:54:10Z
0d1abddc2792c8cad53c8e1708a9466b93822931	2026-03-14T02:41:43Z
8e50c5c35dc6ae058c5d4f52d6b112b8c01fb66f	2026-03-14T06:58:58Z
490517395c28403e42971505b3112378f17ad9f2	2026-03-14T13:08:37Z
50b8206792b2c23fbbe31b232b291940ac01db76	2026-03-14T18:50:45Z
a4862b8116a8d5284e511a1f81339a39a1a00e0c	2026-03-15T03:20:01Z
6618defd4ad2975d0a9b931a34591619e5f7f91f	2026-03-15T07:08:42Z
31e009c38a9bf020e308246af967cae22bc61b90	2026-03-15T13:09:37Z
0098492924e74796c98a05e63265662ad6e606c8	2026-03-15T18:51:30Z
3868ea10bec86fb40a632ad9b87c7445211ebb97	2026-03-16T03:22:08Z
391a0f5b5350cfa84c29facc5d7822c78ebbf5f0	2026-03-16T07:41:47Z
80ffac1896597da2c8f51131d5569546fbda4e84	2026-03-16T13:43:47Z
a322204689d6deb459d3b51aa069388ab1df4cba	2026-03-16T19:14:39Z
c26ae21315e1cbf32edc8560b2d2deb172f4d8e8	2026-03-17T02:45:30Z
2a3bf162508b9bd0a083cb9f83a5c794641c4fb4	2026-03-17T07:14:00Z
39a899c12578d6d335df1120dbf05eb6b11ce96f	2026-03-17T13:41:11Z
c34df5edb847415f2b49a1e6749fdc00a4428d19	2026-03-17T19:13:28Z
5e91207371a3b2bd2ae0bbf38b17b5aa4863209d	2026-03-18T02:51:59Z
ee346a19b38070a0ed5e302a243706b8b6c778ba	2026-03-18T07:12:32Z
f18bc716f5bb8515efe9c5b710451c196920da0f	2026-03-18T13:42:45Z
20fb1a0a7717b434629a758cceecde2ecc204b22	2026-03-18T19:13:04Z
d58237f7654e92361822d82b7ae069d968587fc8	2026-03-19T02:53:26Z
95eae2164b4aad41a2c05780cb847a7936f262d4	2026-03-19T07:07:22Z
a8e9fe15590a677b853d72ae6bfcd1ee9c0ea78a	2026-03-19T13:23:10Z
9c8face848056c2cf46233cd06b2e1616e428c51	2026-03-19T19:08:44Z
1ae8f4042bccc39dadf769b3218aec2ffd7ad02a	2026-03-20T02:44:17Z
dcb7538d6304056a43a27ba8ba1f79ba7ca37f59	2026-03-20T07:05:06Z
cc7b873d11ff11736ef7354366fee9d59ddaf493	2026-03-20T13:16:34Z
ce4c97eef56510ef47fb64ae39aa15797e272e36	2026-03-20T18:59:53Z
6d337a30641bcb68e5bceef8127dea25a0219f39	2026-03-21T02:37:56Z
c55ec5301ef1e235b327aa70b985529189326ca6	2026-03-21T06:56:11Z
edfac5ab3951f897d920d3f6432a07686322dc04	2026-03-21T13:05:25Z
015d1c35f30fdf3a57c42483987747a17b5574ea	2026-03-21T18:47:56Z
9b7bfbfe9f64f0c91fa738b5523306958a476048	2026-03-22T02:54:16Z
d5af20a32fdb5421c5b11d83e4f54f3400ebcb42	2026-03-22T07:00:16Z
8b8b3d91f4e770fcdbb7cdf56963ddab3bc9eebb	2026-03-22T13:07:46Z
f7c3e2559c261f98263977479d3eb846a7a1e257	2026-03-22T18:48:54Z
e5e4ae17544f960319d3811fad2619b06633b405	2026-03-23T02:54:08Z
ce5b91b9d5178a88f11ef31957f9fd90ba55decb	2026-03-23T07:22:19Z
95fc009f5c1c723677daf5c985ea511849381fce	2026-03-23T13:25:13Z
f985318548d3ef1ce448e6f0ef3a36fd9b33ad0a	2026-03-23T19:04:19Z
48a529867c6ad38b6491672495b7238419d7732b	2026-03-24T02:46:07Z
5259a527de9b9899495b8a376ae65c1c214a3bfc	2026-03-24T07:14:05Z
19af32a47d3466d1dbc29bb012f2c4401f730466	2026-03-24T13:40:43Z
e5f323c0cacb1dfb43441a5c9f434dec4ce92876	2026-03-24T19:14:31Z
0486870aafbaf09620701df43ed857b37e3a68c4	2026-03-25T02:50:54Z
136f9966ac0cf3e9df84c726fd92efc525272b5b	2026-03-25T07:12:23Z
610faff2703a7a101c5f92e9cefea9a4fe7a8004	2026-03-25T13:40:09Z
10815ab31cb407e675f6312c92abedb3a4b35216	2026-03-25T19:05:13Z
333616304c28cd1ef8e5a4e0d4677f4ee9e4e5ce	2026-03-26T03:15:41Z
fbe884e9d154e0804e3f78c4e6a06fc589ccce73	2026-03-26T07:20:55Z
87e0aa82c0095c5b23e1f8353909cbdd05c2f7d1	2026-03-26T13:45:59Z
5928df8fae085715799077c52e98e37a2d3c3e3f	2026-03-26T19:18:31Z
c4660e0938f800b30b36f5936431e04d9065e81e	2026-03-27T03:19:04Z
dc71ddfe2e1545af9dc06d331e2a2effabec3c4f	2026-03-27T07:19:23Z
0b4e24f7a377f53f3addc2baf8a3772676135b39	2026-03-27T13:22:46Z
075a5e3c57255b83c29bd44100e38366e8730f1c	2026-03-27T19:04:49Z
26c15b04a86ca6ad8b60bae2ff5742ae92bae4dd	2026-03-28T02:49:42Z
a66f0669964bb5e476e9f30cdc57d6934d41e25d	2026-03-28T07:07:44Z
c5d0df1b14ddd2d3a04ab8853889df1c197feec3	2026-03-28T13:11:13Z
af54d654e351e8a9e77a6e5be7cf78bcb374fd49	2026-03-28T18:53:04Z
02573eaab50cf7f906aed13bec52315d7225ba16	2026-03-29T03:23:40Z
45ad82dabf067f3de1589d81827206261ebb3f92	2026-03-29T07:14:37Z
b34e4916b65e77477472426b7c5df86d00595946	2026-03-29T13:12:13Z
67dbfca55e11b53465f8b9e613fec0eecd94be0b	2026-03-29T18:55:03Z
69c6e111f811d787989f1db5ac6beef660e6728a	2026-03-30T03:26:50Z
f35df3e7e378df1767c6b77c075e42c1d7df2dc3	2026-03-30T07:54:15Z
c9daa74c8f3c2b43be297d5deccebdee343b057c	2026-03-30T13:51:45Z
042562b859766426ec70137cdadc2b055918ef0f	2026-03-30T19:10:32Z
ac029b146abde75100880d09aa2d731176328f1e	2026-03-31T03:18:08Z
a8e922cfda9a217933cf2cf2ea67b48cef16d941	2026-03-31T07:39:24Z
ec06b6b258ed19d79307ba95b63b1e900a328a02	2026-03-31T13:51:12Z
093d7864b0840b59bf7ef7a2f7f859d9b84a1ac5	2026-03-31T19:12:29Z
c24d784052630d49e279d92fb8b745fbaf419ecb	2026-04-01T03:30:48Z
62f0839147d275f28f172eaa063cd4d7ac9af196	2026-04-01T07:44:43Z
6bebcf8af8bff4e4418d1d35a48edc2f79dcfbb3	2026-04-01T13:54:28Z
197932693820273c8d6d704f2119280ca55f796b	2026-04-01T19:14:19Z
5148079cdc9aade0e5ea8d6d8642b55ca2b4fd9a	2026-04-02T02:55:34Z
539f2fcc986616af94dd1eaf5b810769d726f6dc	2026-04-02T07:23:58Z
03cc8877191fe673db05d9820672fb0d75e0fea9	2026-04-02T13:44:20Z
3e84a23a08f09610b8314ae2f496f80f35b6090e	2026-04-02T19:06:39Z
eaf64e9032f785d27967e0b91c3dfbfeced77fd0	2026-04-03T03:15:51Z
23577bbf15efa7765c8af73b58545fb66c9513d8	2026-04-03T07:20:41Z
4e0019e7596bd4c802918d7865fb5420ff789c67	2026-04-03T13:20:13Z
3147963dee2d1884e5c20441bf91f7c7192ace67	2026-04-03T18:58:01Z
15ac780c437c9e3ab92e2c222427aee3f0fbf31a	2026-04-04T02:48:39Z
af014546d128fd70628b62dbea3388a199a19a00	2026-04-04T07:10:18Z
07e9724c592f690d6c3c66aa119842e2ea9392f6	2026-04-04T13:12:43Z
edb20d66d551f3d7458bc48059ed79254830be8f	2026-04-04T18:54:33Z
457b197686485315bb49f395c27b3dc571e33da4	2026-04-05T03:26:03Z
a948c390a2f5256d8ad2eb90d4599679e834ca57	2026-04-05T07:17:37Z
86375b5c7121b6fca10c70ce8ee41590809e9865	2026-04-05T13:13:36Z
ecf8dc19cee5afeaca14d32d0db838a30d815266	2026-04-05T18:56:04Z
1d04f2589a41ce8232fb04c3527de9ce22da3481	2026-04-06T03:29:02Z
da116e664434cf8b6508be83ef4682418a461e1f	2026-04-06T07:55:34Z
36c5db552ef889b1df79efcd9d49fe43ae76eea8	2026-04-06T13:26:24Z
6ddb3c533d4783b030cc8e3144a55fd4e9b6ab76	2026-04-06T19:11:28Z
a7a9a40f021d7c448d86e6f22efb4a73fc34f506	2026-04-07T03:18:56Z
6505f8facd9ef9c959a9aee10f5a635cea724b31	2026-04-07T07:42:50Z
a9a3d51a70e04e9671608f963b84f188cbe073b4	2026-04-07T13:48:30Z
ef664dc0b762f9b09c516a58b55bf934994c597f	2026-04-07T19:15:43Z
e17c7e0e92a2162882bb4278b88ac181747cb25e	2026-04-08T03:21:20Z
3889ebd8dcdf3011eb5fdaf545e1927dcd77c031	2026-04-08T07:46:24Z
dac8aa460cbe0c273e6a527a5d4c51a433c05776	2026-04-08T13:50:38Z
6e4ccc07127e491d8cc33681008f37586c65e9e7	2026-04-08T19:34:58Z
b0ee24f6a2b08f3e37f391b2ec8d0b0298534656	2026-04-09T02:56:39Z
ff93d421dc2d69dbe43606710cd376e5ed6eea62	2026-04-09T07:49:01Z
133f7e82d2eba6a3f55b1169c50d4bf210c16045	2026-04-09T14:00:32Z
098fa317431a30bf119ed7265d2e29981a9dcd00	2026-04-09T19:19:06Z
eec61b22453156495c2d45eea3460c40612c6552	2026-04-10T03:29:30Z
fa31f778de5b1d4af3951ab182850dfce6469bdd	2026-04-10T07:52:31Z
2743b4265103925e2f2b61b2ea25023b1ecc060b	2026-04-10T13:39:25Z
c4423a214774e593778d0efeba297318cb7ca53d	2026-04-10T19:04:37Z
f0f0429d06c59409963dabfccc0b29eb6981fe7b	2026-04-11T02:53:04Z
d04ba9c963cf897decd1afaf3c4767f131855bee	2026-04-11T07:11:14Z
0d4cbf5d54dba444b312784609e0bdf32e40548e	2026-04-11T13:14:46Z
e817e2f3747bdc973e7af8d9191b3dff3927ab96	2026-04-11T18:57:12Z
4b48df63f3256a4ca787d094f7defc7e0bf2428f	2026-04-12T03:33:27Z
cd6c20ed97d23c33893a6f9143d492f13176250f	2026-04-12T07:24:25Z
2a4a1b1ddacc382b6da4bc04a2625f74e2e64941	2026-04-12T13:17:27Z
126bfb2c1cf4f10533050e7d4c308cb140b9409c	2026-04-12T19:00:32Z
8fd7c8c129e75cb3abccc189f373a2ffaf7aa08d	2026-04-13T03:39:32Z
496180d98e0d8b83949f195fcea2b1f2f3f40be9	2026-04-13T08:15:27Z
19d0cb50f5072f2c230e4e90ec1999d7fb95e241	2026-04-13T13:59:01Z
13c2f6099ee5849f70aaf4e6c29819ddddf21d1a	2026-04-13T19:23:25Z
78daf500c4270d219278b8276c54497db7b240b5	2026-04-14T03:29:07Z
b2b456666abfd8ea86b4208d62016be3c4e5a177	2026-04-14T07:58:15Z
578efbaea727ce83050eded2e9bc84ad3b6b61eb	2026-04-14T14:02:07Z
37c36e510093f090d71c87b6eb668c619e5a59f5	2026-04-14T19:26:06Z
decd1940146a30ce52a50af321a788da5986a0bf	2026-04-15T03:28:05Z
83a0202a83ef9000d1607834561a93de9fcb7e80	2026-04-15T07:59:09Z
1cc548b93a14f3cd51958fd31f5a6fdd94062958	2026-04-15T13:55:42Z
ebb13731692d74b73a0bfc94015a5a58eeff6713	2026-04-15T19:37:28Z
fc9724ddcdb0be07b52e5ff4842e28cca9efd161	2026-04-16T03:35:16Z
41d5fc6345944114ccb2d713915082398c5530a9	2026-04-16T07:58:29Z
870937b0d00705aadceeac71089c581237ab466b	2026-04-16T14:04:06Z
c2e57b8c7402b1bb6be85744b11b028bde0afc9f	2026-04-16T19:25:49Z
c4970cdc9579edb8996a3bf9d81af92c5c730dec	2026-04-17T03:31:07Z
8b9ef5917e62fd643968d8591c2b6713d2e22b0f	2026-04-17T07:59:58Z
ca38b4e3a5644fe926352b3943508b00c5c9d403	2026-04-17T13:47:29Z
ab59fafbcd7bfd695e5f2cd665d02f9f47c12305	2026-04-17T19:11:44Z
7cdd16614b62a4a3385b7ec599d91d5883d43fa9	2026-04-18T03:18:53Z
cc781f0cd02b1e441832f476cb04a427ea208d19	2026-04-18T07:20:26Z
5c31031ae4943a689511ab32ca395e8e13021a33	2026-04-18T13:17:50Z
56b2ca4855ae8c8d2c9a445b8cc35235475c7be5	2026-04-18T19:01:43Z
c21a892e9eab38209f57309a1d35973d22c89651	2026-04-19T03:38:03Z
1165b77343392f409f59fd7c8d8145686e47d46a	2026-04-19T07:40:33Z
e7de76985c17b371bb2d9d20214273ae1c209426	2026-04-19T13:18:16Z
98e7d06e7a1b71f4d569940fa3bca92b6ce5b700	2026-04-19T19:01:48Z
8d4fdb1fdc514f087db9fe4d0e7615557e4c438f	2026-04-20T03:39:31Z
ed15e36e9026e4440ff07b1f37ec8573c3d99929	2026-04-20T08:21:19Z
ad7b50b11f386d96393b97ee3fb6edc1403f00fa	2026-04-20T14:01:41Z
e1a8e725e05400e9a76bbf4c8cf7b3e22554f269	2026-04-20T19:17:52Z
f677b5819598b3d122a681d5b0d98fd6baeb23c7	2026-04-21T03:31:56Z
1c91ab4830b9b907e7667bcbb8d006e61d1277e7	2026-04-21T08:03:47Z
1765be81845750bb60273dc9960bf823cf827aed	2026-04-21T14:00:33Z
a0ac9344e28d97e6c49513fd8cf72c9ab7059dab	2026-04-21T19:21:57Z
6e0ec3dff83d83b4e7e42c1fb82c8fdf050538af	2026-04-22T03:30:14Z
60f1197ead30bcda2132b3b22eed7bded2df30a6	2026-04-22T08:00:13Z
c2d22ecfa0950a57d24bf4bd52f58e1fb850ad69	2026-04-22T14:00:39Z
51df1203a83f1d89a0d4bf174e3bd7cb4151cd6e	2026-04-22T19:24:08Z
7ca50c6aad62e0c60eea0c0005bf3e1390f7fce4	2026-04-23T03:33:41Z
fd7d4ed77da771ae450f8ae76887df1d700cb153	2026-04-23T08:06:03Z
ca1769bc95f98b0b6264bfe429026f3b6fb8607c	2026-04-23T14:02:33Z
1e884015a63ec964fd67ee910a5c01db4accade8	2026-04-23T19:23:34Z
907e57af5f045586871b70f2dac663cda1b4a74a	2026-04-24T03:35:40Z
d21887e7a9b9101e0f173262065656734ab94d7f	2026-04-24T08:14:53Z
7b73f5a0f245dee91ce51173e0b906cb19512b54	2026-04-24T13:55:52Z
35d3a008d8d8e64e3e73781e4f697b526cc927d6	2026-04-24T19:04:23Z
6b01ea035c182fdeb4e1db5f8c2a4d2e05e206cd	2026-04-25T03:20:28Z
06112562b81c09236479b8888d4b718a6e7cfeee	2026-04-25T07:40:03Z
b5f8b088abd345ba0e1ef7f13d1967403fa92ae3	2026-04-25T13:21:03Z
b51897b1eda1edb7871eee052997b8ffec77d721	2026-04-25T19:04:12Z
200b85a2a99f00312cc0accd94db98521c40e052	2026-04-26T03:43:02Z
7996745160bd4114e5e4a8f390e85a7532c5ea0e	2026-04-26T07:48:37Z
77a8c70c7ec9a4daa42983d5f9ea697494b6a541	2026-04-26T13:22:22Z
aec8abaa206cd7e4c0d2d74d0d3087bc4f9dcf6f	2026-04-26T19:06:02Z
a608e1e20e78536a86c25b7352ae818fc104ca24	2026-04-27T03:48:47Z
4a8af4bbee07d60bfbf407694d27b2758532ddcb	2026-04-27T08:37:16Z
ab9e41ae7b3e80b45d5c7a16d3e152e829a888c6	2026-04-27T14:14:53Z
e165e356bd25b0fbcc20e25363e71f57d09788f6	2026-04-28T03:52:55Z
8e6c1a15673aaf436314a6f930b047ddb785103d	2026-04-28T08:35:27Z
1f4b0c0d9792b03435c8e3a5c044514b6d0fd1c9	2026-04-28T14:31:59Z
ee6b7f75af706694ff10266dd0d35d0bf127c7de	2026-04-28T19:50:17Z
35686a5056077272b02f06f40a67d584aef8a383	2026-04-29T03:50:05Z
41a3d44dcdb06f8591582a9ea9097636a8dce726	2026-04-29T08:28:28Z
6fb8d0bf7bb5ab22cdab9321fe3d74491c463f43	2026-04-29T14:20:48Z
6c9f9bd3a72f8105e5cc41544c9dab89cff80788	2026-04-29T19:45:39Z
61eff60c079f3e955ede4292002381e2d50ca48d	2026-04-30T03:51:07Z
910793b7b169083882736f577752b34e3c0c0af3	2026-04-30T08:31:09Z
6b25c9cd43a16480d379474aad4d989da2d7af77	2026-04-30T14:15:26Z
ffba9bca74ec8ea920ef4b234143fd252050405d	2026-04-30T19:43:06Z
eb9e59759d0c194471a93935a651e9fd29843d76	2026-05-01T04:02:29Z
29c8ee836ba98201d8aba50a4e3c2959645c5175	2026-05-01T08:21:30Z
f94fa9ccfc59262422515bcaa30492fabdc5af97	2026-05-01T13:43:45Z
08a184c195a5a962069bacb15ee7a8e75625518c	2026-05-01T19:21:28Z
859380ad4f995ddffe4fbb888dc568dadb004b77	2026-05-02T03:35:41Z
8c5bd6dc54dc5bacc834b6091af3026487cdcef5	2026-05-02T07:53:45Z
8117290601c32f4dd433ba8be88605b263cf7ff5	2026-05-02T13:37:37Z
cfa7020bab8714dc3914f6abc97eb7d8e417669b	2026-05-02T19:11:06Z
6e1fd3e712c1036b8452ef61f5d6d3508c7e1d1b	2026-05-03T03:57:38Z
10f3c35b5925e968189f3dc94ae82c33e816d8bb	2026-05-03T08:08:46Z
a3af198d9e2d0be2e2805c779640866a9f986033	2026-05-03T13:38:15Z
f08ea30cd4ff6e731c161ddb9b27f3d2d3e82205	2026-05-03T19:10:12Z
3479d9c8db21c25c526f43a177d878127d50c920	2026-05-04T03:55:00Z
da34d4c96b42753e4a4814094dc3feda61f05ee4	2026-05-04T08:38:50Z
737cb66f9b71a9fa86da895e93999fb8abeacf91	2026-05-04T14:20:52Z
b00e0553d6ad9f9ba437a8560362eb585f4cabbf	2026-05-04T19:49:22Z
38e958741cfe0987ff9180b7ba9031b12f57093b	2026-05-05T03:35:48Z
ad04c1c4e637eb59cd6f9ad512edbf6fcae611fc	2026-05-05T08:21:03Z
082f6d0039080bda626898614fbc7155c1d93250	2026-05-05T14:14:20Z
4b3bad8738669c1a05bca1eba9803b56e04eadb7	2026-05-05T19:44:57Z
2e6f5ac1b4b16f1b3eac5b21a617c87c6881c91e	2026-05-06T03:51:43Z
244f29ff8f8864fa26a5fd56b9a51c55ed7406a0	2026-05-06T08:37:26Z
7550390b5e5c4a60a58848376226dacaae2b0fea	2026-05-06T14:32:48Z
43c020a38e82fa043dda7deee2ceae284f24d22e	2026-05-06T19:55:01Z
508cce8c03a875b9661f0e56a65c7f1f9d3d2499	2026-05-07T03:50:15Z
11ff6492da8d5deacc79468f2cff66c8e1986c20	2026-05-07T08:43:50Z
896a23db83f2f4f10c10c8d3e1ed8b3d9a6cb3ac	2026-05-07T14:35:45Z
9a419cda7f49c3c31baacc6b413ab04a05d52a75	2026-05-07T19:49:02Z
cacb9a3d98ca6a6772dcaaff48d6f8f125314d07	2026-05-08T03:41:00Z
e1b1689be0690df444fa65da3f0db1577b280c7b	2026-05-08T07:50:16Z
1b9d20b63d88e4f10601d978ba1924fc43264cdf	2026-05-08T14:06:05Z
020e776bde142ddf78ce6e61af8a3bd67525c53a	2026-05-08T19:38:53Z
592be4c55468fbd87944ca59cf2a6f90dd1007bf	2026-05-09T03:42:33Z
9e176c7267cd4070dc3102422add0847a228da0c	2026-05-09T08:04:27Z
17f071cd0223143fdd3a941c44cef3ec6d1b754c	2026-05-09T13:42:09Z
805d7a314665d13fc0a2b0ff07ffdc127a73dc54	2026-05-09T19:14:14Z
d62192801a14b7233cdfaf5f686b2f64a3a0b335	2026-05-10T03:59:31Z
f553d91a6bcc518b0e47cafa69213270f7fd66e1	2026-05-10T08:18:13Z
0c51b89ae5b7400acb82cc205987ec11f0194dfd	2026-05-10T13:44:36Z
9045078eefd911da13f69fce0b6afe978893b2cb	2026-05-10T19:14:40Z
7c9fbdedf17d96f927c14577548220ad88a812aa	2026-05-11T04:10:27Z
4cc5dcb0216d66e8805383bf3191f0172ad2c6b7	2026-05-11T09:54:44Z
c607dd495af0de5156157e916c728e883ee1eb17	2026-05-11T15:28:28Z
f2dd6bd87417696754e416b5b6d11b2be859c715	2026-05-11T19:57:03Z
c5e7bb35041646b787b3f1127baf192e31842db2	2026-05-12T03:53:53Z
5c4362ba3c430b979bb502a5a6cf6af396ef472d	2026-05-12T08:49:03Z
35c4fdc5d2b336adb385792fb140e89ad0fc2906	2026-05-12T14:40:41Z
424362dfc5f4cbe11c4b0135bd90dee813bf64d2	2026-05-12T20:02:36Z
46dae19610e4f274f6f3959518543a2123a909a8	2026-05-13T04:02:54Z
40f3e5b63ebb72b0f0b9584c48b0da6ea2dd92f7	2026-05-13T08:53:02Z
f0fc2ab8b6307e0b1d8c8f41952066ce94fb05f1	2026-05-13T14:50:40Z
1459df0c0627ba3edfd9b9fb0eab77aba7430b57	2026-05-13T20:03:32Z
edf1111b6fa85f0f115119e2136b4699fcc59fd2	2026-05-14T04:01:38Z
3a0b4e017971ae86d0a180c2be548b712b66c51c	2026-05-14T08:46:24Z
7337ef047aa4603bb9a6a664e2922fb8cea45b5b	2026-05-14T14:30:39Z
c3ccb86f439bcf58266b3985862716551dc69687	2026-05-14T19:54:49Z
09482fab40993d926fc1aaeb85f289914c7d10c5	2026-05-15T04:06:20Z
fa8199c809415b274d42dd1f5ef40ee6b1db006d	2026-05-15T09:18:40Z
6e4fe5fb4bb7fe07177815d0bd47ccf1efaa2673	2026-05-15T14:24:28Z
c3e61450276530b3492b2f2b5615e3099263cbaf	2026-05-15T19:47:49Z
74ffd36b90db382bb465302e618235fca9906b51	2026-05-16T03:49:01Z
076c5060034bb540b07b94278ce451a412c4ab1e	2026-05-16T08:12:50Z
460b86df9c6897a92410f56d83006aa9cb88856d	2026-05-16T13:47:48Z
868c753191ad51e7222ede6f9b1067dc1754a37d	2026-05-16T19:15:47Z
a06b84d375fd579e108d01d8d62f59b8eaa0098e	2026-05-17T04:06:47Z
0915d4eceff278303502254f0b48942d11fc6e46	2026-05-17T08:29:23Z
b649605f4e65b532cd6904860e56ef98d0ae285b	2026-05-17T13:47:59Z
41bd00c8a792da95828ab3869ad71a13d3d688ac	2026-05-17T19:19:18Z
da4ff086102541e0edac46813fa82e55217e25ca	2026-05-18T04:19:17Z
9efdf181a99a530d74f19484ca32d3853846dea8	2026-05-18T10:19:31Z
737e2d330331311f8469dd66ce48ed3368b9e5e6	2026-05-18T15:49:11Z
3796c55d32712728a635c7b2a893c7c414263518	2026-05-18T19:54:46Z
338d09f25c45e8cdb8cf5970a44925a096c327a3	2026-05-19T04:14:36Z
3b51f0d48f6bff873bc221078e056138d24a5683	2026-05-19T09:58:38Z
ac1847ae298b1643836948228397bd8a83f04677	2026-05-19T15:40:11Z
d1c50acae76b373c50a431790bd76e55fb7962b2	2026-05-19T19:59:26Z
e7aa603723f94972640b954011c55eba665d9963	2026-05-20T04:15:41Z
c976f4dc63c856d38ba4b2472f01cc3670939fbd	2026-05-20T09:48:39Z
ff02882d2f8f8b7d0b156edee52836447b70aafd	2026-05-20T15:41:52Z
e7b4d0d391c2a7c682975d39008de28d9d8be16c	2026-05-20T20:25:59Z
2fd4149b9435698a210c32718cabc1fce23b7447	2026-05-21T04:23:35Z
d69a9aa44bbc10266caafc5679d66be9d8a07383	2026-05-21T09:56:18Z
f2522c3f14973626e7ccbd6fd5be0c67efc0a133	2026-05-21T15:44:09Z
05bc2e425ed49c067c04cad7da58eec69e268fa3	2026-05-21T20:02:28Z
d5ca14c9bb7923cd68b8ee6136bfbc5881dddc5b	2026-05-22T04:18:33Z
4e371ba128355ca7f8e75c24deadbfb88cb2d82d	2026-05-22T09:41:05Z
6c95562cceb090c49046da8139d5025bbcb7f699	2026-05-22T14:53:07Z
0a4cb53741c363f815e7deef36be7cd5c0330e97	2026-05-22T19:58:30Z
56a15c12306389fa5d6dba2809376145d262f55c	2026-05-23T03:57:01Z
5f447b8e7c457164075fadfd032176d6db593e2b	2026-05-23T08:27:33Z
42b80140396aee8c34312a882b7750109f7c2dda	2026-05-23T13:53:24Z
572aaecbb03b37dc1bd1695d27d1981c05fd82fe	2026-05-23T19:21:22Z
b7d2af2562a8bc6bdc6ff122a7e41f140f8de810	2026-05-24T04:17:39Z
127153995865f70760686de083a0da1e83959c29	2026-05-24T08:39:57Z
bb8343b20715b9cd3925560b40649d72e9818614	2026-05-24T13:50:30Z
e15741190203dc47d2a8147746bf3f593d5981d5	2026-05-24T19:25:19Z
544415f949caecca523c470343de0f56c20d4fbb	2026-05-25T04:39:53Z
728fa4ad04b8b9217ba5fe1d5c7a4e6e09131f91	2026-05-25T10:23:43Z
88a7ad4a8364d66f421e3bf4b428b989a555c938	2026-05-25T15:22:44Z
36d7ed6c59165975dd6cbfcd1d03656fb2cf1517	2026-05-25T19:50:59Z
d10d0be82ff4de04a03b13b342d5b54f0e964350	2026-05-26T04:14:52Z
a92491777ed68101beeecb4895379df7505e590d	2026-05-26T10:11:23Z
fa85ff36fa156760e424aa3c305c44063cb78ad9	2026-05-26T15:58:13Z
b9fe7153a2d5a04b442d285683b4b278352f9a77	2026-05-26T20:21:48Z
619356258b35fad6a11fa22e17cf505cd9a271ef	2026-05-27T04:37:55Z
a5f6760c59def2cf631428a00657e3384c74696c	2026-05-27T10:09:17Z
1f2a69ccb80f46a6fa1a30345065215f29261c3e	2026-05-27T16:02:02Z
50909607857069f57617c52f94f1b385ec5efd20	2026-05-27T20:25:46Z
518b1eb1090e4f0b32ab734d32a6ec90a925afe4	2026-05-28T04:17:44Z
0aece039563a8986e1cb2461e140a5bc9e53b5a5	2026-05-28T10:17:34Z
d5099f6d25ca658a6a0e53403992d22f0199598c	2026-05-28T16:17:07Z
83bbe2512161de37236080d8227ff86fb612254a	2026-05-28T20:32:21Z
dcd089a277a6098b72a82cfca45324142b155294	2026-05-29T04:20:11Z
360327fa4df0726d0bb7bef104c6ab6ba5e85d0f	2026-05-29T10:07:17Z
67cb1027e64b80abc6689b414dce5eaa9106a712	2026-05-29T15:59:42Z
f43a573e7cd8bd78cf11cf0a13f9d1dece149217	2026-05-29T20:34:13Z
a292ec172d7aff9f06632f7a99169c7101c757ac	2026-05-30T08:35:32Z
4adc24f76fb95f5aef70586ae64560b1909aff60	2026-05-30T13:56:00Z
173464c7fcadaed8134a46154ee32c6640000535	2026-05-30T19:36:39Z
5cad0414dd9ce46e8bcd6e95579eed1d5f843007	2026-05-31T04:40:19Z
88aedb431e5d022d5e14d2c709295654d6b7bd98	2026-05-31T08:56:26Z
f8f64725b95fe70a3788926b9d652a08b11bc9a0	2026-05-31T14:01:50Z
48861c56853269195fa90f3ba6ed999a9461e9a7	2026-05-31T19:35:03Z
caa0e446ac004d3a085df8e32de2b09e6e77e6ec	2026-06-01T05:01:59Z
3e022778a4b30822920b5ab9c99ac63c8e95ae96	2026-06-01T11:49:40Z
48e5e85dad80b76a722c2f7f646c7bbe8c615bde	2026-06-01T17:55:39Z
69e67949bdb13f9456b0a2d4b19fd3c01df37e29	2026-06-01T21:40:31Z
de847704433ebc7ef2673ceda4ca9d47188f6d49	2026-06-02T04:48:27Z
8eedba851578a37455de61623a84fe6f7ca42ac0	2026-06-02T10:48:30Z
c109377cd8fb7b635f1cc1e9134e18d96723ee3a	2026-06-02T16:47:18Z
0f72d0c177eb6122aee6b88541ad56044a723f26	2026-06-02T21:17:44Z
b7de885215bc2c00b1d5be32a901ae9c140077a6	2026-06-03T04:58:59Z
25a6ebf0545a4c9ce439c786484d78d0e52b1995	2026-06-03T11:16:42Z
f71c5367d1e7794d5e535b31360c347dbab8da7c	2026-06-03T17:03:40Z
cd6a6a362b441d2ea57d6ce24ed4d7cb31ea87ae	2026-06-03T21:23:42Z
56f2a9d6636347153f77636080815011141c07a3	2026-06-04T04:51:32Z
05423279f975e0dd4c1e2bc5ab20e8aa2091c59f	2026-06-04T10:07:12Z
e114df76f098da384624f8646db47dd0775e0dae	2026-06-04T15:32:11Z
8e06a58a14d7a1b608bd6580df3c5475f687a56b	2026-06-04T20:12:55Z
3c74708126e8611e7f60f54e7d2e84643b09dbc0	2026-06-05T04:26:30Z
eb57fec8860cdc9d13f146552e1833feaa5da03f	2026-06-05T10:04:17Z
ed892a1d6e7fc81b85ad08aafbab053eeef37339	2026-06-05T15:20:24Z
6b83c4c0aa35878d580b8f317fb1ee327dee4c81	2026-06-05T20:02:50Z
5e706ad9f440a6bbea5dd9967c9da69ab10fb7fa	2026-06-06T04:09:14Z
16cb755e128cf4fdef3286ead93f9aa1d1e158a5	2026-06-06T08:42:45Z
44d2e24c7f58a11fbc27f4b6c701e9b971cabb61	2026-06-06T13:59:49Z
f8dbed8a0d1ab80e0d2b170e3af7f6468501a28c	2026-06-06T19:41:05Z
54d7503cbb79d025169e8dd00c634d8b4baa3238	2026-06-07T04:45:06Z
38786a1ac0b6fd425e19f729fafd33ff8e3f1fe6	2026-06-07T09:27:22Z
c0ed5e4fbfeec85c2013a3b293fb5d4a133824f4	2026-06-07T14:09:47Z
43a1ad009da68a5abf0e34a45797d9b8080138b1	2026-06-07T19:41:28Z
51aa60918effbac45fd1a8fe7bc1aa63abdef1a6	2026-06-08T04:50:11Z
09c55982de52ab44a46fa7f2d9d8b3ca8f8c3c78	2026-06-08T11:11:01Z
8a64963229b37618a3cb867e5ce2cea208047f23	2026-06-08T16:08:55Z
381a70aacbf1833ef22fc8fb4512ff82392b7631	2026-06-08T20:26:38Z
86cd1ae2a2c5d17648584cc971b10c37e6893ac1	2026-06-09T04:12:38Z
f5638017cddfa7877a4112f44f276fe9489bd0fb	2026-06-09T09:57:25Z
a2c432f64e95eb1154a72d5accb652f3a312ebf5	2026-06-09T15:20:20Z
af0b3aef1084f728e72869f5ab87e102379e851c	2026-06-09T20:14:37Z
238e226aa7686b0dc7e6a0e8ad7685b6cf56fb76	2026-06-10T04:23:55Z
f85f15aa8c12aea9ef34fc7270338684e2e356dd	2026-06-10T10:15:17Z
47ba612f647a455703998fbdf80ec85d8aacdeca	2026-06-10T15:55:02Z
45d968764b13965b902f9ea77b146354c7972c1e	2026-06-10T20:39:57Z
25e00f6a488abbd60e5f502e74bc4cfbd9892dde	2026-06-11T04:45:50Z
0997ac6d8406f2e6b86f7ecbcee18fb7d06933e4	2026-06-11T10:50:04Z
2187f2d3305decb006209c058cb1ed7d43be47ed	2026-06-11T16:18:21Z
da1d64ecb5bfddcbc0bcb0749001562dc80ac8bf	2026-06-11T20:30:06Z
a305bfd21ebf2446539fae6224417277e8985e63	2026-06-12T04:48:55Z
c073774b6e58f28f90bc9fb3063a98b17f933c3c	2026-06-12T10:24:51Z
7d9f91c1c8fffdf9b3b8c51adbdf27c637ea5e64	2026-06-12T15:31:23Z
e4d61ed66f675a1e959f767d25e7df5f1b0b5ee9	2026-06-12T20:19:44Z
28897178cd991e9352769b4aa185b51c2d9751c6	2026-06-13T04:37:01Z
7a362a59890cd1f57ed47d34f796e21f7e1b4d76	2026-06-13T09:26:56Z
3856cc29de33e5e771bb66404df9d08140024c5a	2026-06-13T14:16:45Z
7e810960fe6b29be1de6463703903ed778280f4d	2026-06-13T19:45:47Z
28ffcf37f0429a9cb395ed95498eb9b6206fec5e	2026-06-14T04:54:56Z
24e3986dc2abf38d648c1e30720b559ebaf19b18	2026-06-14T09:48:39Z
3081105640afc161920682e102ef7e64a0dc91be	2026-06-14T14:19:39Z
555ebb2f72acfec1503392ed82c13cc8f0e55829	2026-06-14T19:47:20Z
ef8eeb608428b1f43c2432bd87f0ca64a2af50f0	2026-06-15T05:11:44Z
d001e617872fe24b3c8941453de16c36359fc9ce	2026-06-15T12:33:38Z
747bb2a7170a4bea746bccad4c9a67d36cbeae15	2026-06-15T21:12:17Z
d267e41f99424ad318e122eef5e8b018772cce2b	2026-06-16T05:18:04Z
bfdfeffc0e301d6cd50247536e9e9ed06fe8c92c	2026-06-16T11:26:11Z
7f05e5e0061ad388d04e5bac8e5acd66fb9cb71b	2026-06-16T17:10:55Z
f0f47c744a94392c41f2f0b9e699b2a342340a11	2026-06-16T21:12:02Z
23a4e2609b5512ca3b9dbc5520af2bbd54990d41	2026-06-17T04:57:27Z
fbdbec18437dcae21e666a637194cdf69c374a4f	2026-06-17T11:09:35Z
fcd83dd6fece75ace0012b4dc43a8ed1909a3853	2026-06-17T15:53:33Z
36ccea86c402b89cc8232acc09ed3b12c276e6ac	2026-06-17T20:23:59Z
1b2e0f80b66c9bc75e26bcd731d1d2b61e46e01f	2026-06-18T04:47:44Z
3cd7a0ea0adac8e6ff4b13654d885a97ba7de34b	2026-06-18T10:40:56Z
25e086f7683b69ddb3c80cafb631945cb35f5d72	2026-06-18T15:43:22Z
b0e2914ef8600b1476c7fa3ff49bfd36d462ec49	2026-06-18T20:33:50Z
56e2b1000a1421d9356aa86d90f11d74a25d9a2e	2026-06-19T05:08:09Z
01cd8ca68ec455c96b7ca7306b8777644e582526	2026-06-19T10:50:22Z
aa8e17a6053346942a14f5ef8d4421cdbc158f8c	2026-06-19T15:34:48Z
ecafcb8f786a00f9b6a5b3e1a70f3212ec0ae866	2026-06-19T19:57:22Z
5b5c48902286d5fba7390741dad1d20ebdf3c264	2026-06-20T04:20:33Z
a5792313512ef47bcb840a29ed8cd36787210ce4	2026-06-20T09:29:25Z
b6190ab7121e3e77f3bbb9bd449b718d10fd98a7	2026-06-20T14:20:35Z
f788f807d680a3a5e3f7f25d90f3bc5be2c84b84	2026-06-20T19:47:10Z
d54fbaafba5b1f014b7b5c16511571824461a514	2026-06-21T05:04:09Z
327273da96f1f4fdb0a3702c411f21c06f09d35f	2026-06-21T09:59:27Z
54110cff9c991d5c5dd42e83c6936771ae900f36	2026-06-21T14:25:26Z
a72c40670cbbe3b0b749087c466bc6d99685ed49	2026-06-21T19:53:57Z
d280418e7516764ae1935920117e37c449e51fa8	2026-06-22T05:14:07Z
37cdb9a5fef01eb35dba8afd1cccc8c8bf8f6c59	2026-06-22T12:18:58Z
9fe81c4f7a4f10f07fe8893503a5f8039fd4c24e	2026-06-22T21:07:20Z
284bbb11ef826f6d4b0d3ac7d181e7c671b4b381	2026-06-23T04:09:43Z
97330e42f4b6a8101f4d39943efb5e867de68a0e	2026-06-23T09:56:57Z
1e4f28b5759f8251048f48b7f3c554254989eb16	2026-06-23T15:16:36Z
122be188661802e25ec53471cd81ad01903f5169	2026-06-23T20:15:10Z
7ad93beb3225429f1186d7240a63fec6562ad8c9	2026-06-24T04:13:13Z
5fed3d3c33f00d12f39245c4a1f5f0d2bdf698e5	2026-06-24T09:44:05Z
c8b3cae099063d601c69c0295c91eddd1d7a111f	2026-06-24T14:47:33Z
2f8cc65c5bbe47a200a253b3d4f89c7ac4a00675	2026-06-24T19:56:44Z
00127e8e78a5b19e33b01d904a30bd048240ea04	2026-06-25T04:13:18Z
5a8c0e5f3914b7e2fcc2a0600c67db9e5b473fb4	2026-06-25T09:35:15Z
9141cbeeb71584a865d911a794a47f7bbd514dd0	2026-06-25T14:46:45Z
9e76596f4f24ca1446278a34bdf4992b158c7f1e	2026-06-25T20:12:11Z
c1e02102d5e72319e5eb4f199888d989bb603fe1	2026-06-26T04:19:42Z
f276b2f4bba8c5d605a63c3296ee4d27e187c13d	2026-06-26T09:41:18Z
76be77fa15fffb89057cd30c321071771aa487ca	2026-06-26T14:38:31Z
487b94eb94ea223b78db5e5116aabb431f6d79bc	2026-06-26T19:59:53Z
71de9fdc70f1153c5eb92e8511d7487bed91a75c	2026-06-27T04:06:17Z
ccb29c716ce58f7cf91a1a3ea25e5001b0b440f0	2026-06-27T08:45:41Z
8148dd28ca3daaf9798bbcc0d4b9de79bf1b58ec	2026-06-27T13:58:21Z
c47e9ea8f28a98c83232115542dbff8b8aaa20ce	2026-06-27T19:38:40Z
2ebffae0deafd359f55441be0b276856f7d1fdaf	2026-06-28T04:39:09Z
c3acbbada381f53b87a5a23ad635f5824d72e9f2	2026-06-28T09:22:38Z
96b6c7361865898452000b769c9244a657ea18a7	2026-06-28T14:04:40Z
5a29ca0b9491ae2e1ea4825c3a29e27bea8aabf7	2026-06-28T19:40:37Z
f586e7ef2188fbd34d8dbb688940d07826ebd66e	2026-06-29T11:16:33Z
e8252007638a8a7dc2b66891f8462ccd5ea4319e	2026-06-29T16:00:32Z
f3083514cfa144d78c987cbc8e7a52cd3e292517	2026-06-29T20:08:15Z
ce6ae937cd1d9f131bf966dcdb52d7d33c4bdeee	2026-06-30T04:14:21Z
cc94ece992c8107504b62f5e9013d4f04c31dc55	2026-06-30T09:54:11Z
9b207b6e6686920004defcc72d8927f937fa722c	2026-06-30T14:33:27Z
0112fa9867c108ef103d59b9132d90f6e897f99a	2026-06-30T20:07:13Z
b53e68fd3d4b7015f3f51fca1b15533d55c94194	2026-07-01T04:42:53Z
2bec4bf2f95d105b093a7636558546c916f84b16	2026-07-01T10:03:13Z
c3adbbfbcd9dafb0aed33b73834e32187dc8efc2	2026-07-01T14:51:00Z
0a7483b22103f0c360fb441b686eba503eeb78fe	2026-07-01T20:04:17Z
009f0ed9beb8293517fcd449a4bf29cfa48feaaa	2026-07-02T04:09:52Z
7dbe0d02262f4b2092c0bf98cbdad133423fd4e4	2026-07-02T09:25:58Z
c33523043501bf242be836e3074516df128a8761	2026-07-02T14:20:18Z
22932bb39644da6cf89de195c79aef062a60c911	2026-07-03T03:56:14Z
2bd451a8850626de4ee6dc7016eee67f199fd1b7	2026-07-03T09:29:30Z
18fe1833eafad222f022f51a21a2a2f0942fdb36	2026-07-03T14:24:51Z
a67232a84759f0d327334ef0aa351521441a75ec	2026-07-04T03:49:54Z
fd2f3e67bea39a67dad3dc3704c0de8259a94ba1	2026-07-04T08:46:38Z
05a2799f32b6c08be29ce1104fd578db8bc46351	2026-07-04T13:49:47Z
05db3909ba06559dd811e57458d70ec3dbd10900	2026-07-04T19:24:27Z
9e3004ac30a08cf55e6773cf07d6083d20426532	2026-07-05T04:08:43Z
59ef249e72d2250d4149552e17b28124fdbe8ea3	2026-07-05T09:16:15Z
8e69727918964d24871ffdd7ba81e020b8b9ada7	2026-07-05T13:56:11Z
6ca1cca025cbdbbc535fa4470be8bc7c0d7d22db	2026-07-05T19:35:08Z
1014b16b9badaad7961349979571a3647dd8d8bf	2026-07-06T04:15:39Z
7a79d5a20ceaf1e80b23975ced6609f3504f0296	2026-07-06T10:52:36Z
57a9ec8dc32387645cff038c819b8e8d32f104fe	2026-07-06T15:49:14Z
21b225953d458eaf41520b967cc28a263836645b	2026-07-06T20:07:13Z
f8b24e09e9924784bfc4161d61ecac955577af50	2026-07-07T04:05:09Z
e27facf7a38cfe6dfffc8b5385d899adad8a3a47	2026-07-07T09:54:32Z
c5caeaae055419a6f594ba3a20ea3fe8a1a6ca3e	2026-07-07T14:53:08Z
1287ab2e9b213e690ecb924fca547080d60109cc	2026-07-07T20:05:53Z
2848552dfc221d6a6e7f01eff7d7cbe4d4573526	2026-07-08T03:30:59Z
b8ffd2cff7f659c5a7a0bd6d698b03b57401550f	2026-07-08T08:39:19Z
ef50b2f72d12b84f9f995b6e82b1380a45831b5d	2026-07-08T14:31:08Z
d8b9537fbabf96112bc1f0af4870e947b44bdebb	2026-07-08T19:44:47Z
a18c5baeb959d28becd2aa563801c7e99432741c	2026-07-09T03:59:27Z
ed9199790632845a149433a9606a8ac6cd19cf6f	2026-07-09T09:52:02Z
8363cb09192c417e25e5cd10975d126ec39ac774	2026-07-09T15:26:18Z
0ffc480ccb37477786fdc5f8367760e0c9c36616	2026-07-09T19:55:55Z
f6b37010964524d53fa32ae258a214d337e70bac	2026-07-10T03:59:42Z
02b11c6eedf6ce96a665df29fbf92f0a3fa0f1c6	2026-07-10T09:47:51Z
59961490cc955300e9d877d436839d69ec8289e0	2026-07-10T14:43:42Z
03e428f1387a2a0f2b20030c0579a8a604707615	2026-07-10T19:42:59Z
ef9b21d40f312f05d99159f66a7db8a86e28cb58	2026-07-11T03:26:34Z
a3bf18d1deafcb3320749e6d2fcac5f5f9c58122	2026-07-11T08:06:06Z
af4ae9dc2511785f6e3497d813507bea19605d23	2026-07-11T13:42:19Z
961c55e74dad20f5f04b23b92c5320aa002fbdb3	2026-07-11T19:14:42Z
b4ba6bccf3964a9fb315003f44f967aa19305049	2026-07-12T03:38:02Z
37d1be8784d012b5c3e8e69a45fa6134ee3aee71	2026-07-12T08:27:04Z
40279222f3e837b847ec3cf1d85986d884d333cf	2026-07-12T13:43:07Z
ef340ba605889293521272b00286b22dfc1ffda4	2026-07-12T19:15:00Z
1e3bf97cde6ccd3ef5bc75422dd8a9a549ada7f1	2026-07-13T03:40:04Z
cac8ad2e6707b3f152a89c50e7d7bd8fc911f467	2026-07-13T09:40:20Z
ac504dad78320102e06c8af8c5d34e5663de6c35	2026-07-13T14:50:50Z
a08ea9dccced8e6d36012278960f70eca4b21198	2026-07-13T19:38:44Z
f3d4aac15a5c93f8840b2e15d095133ab4c9cf60	2026-07-14T03:15:23Z
c7df8f862c3b859615ba4ae173e0e4a43ebb91aa	2026-07-14T08:20:05Z
cacf281fb4d4f8979de38fcb06d44bf689a85adf	2026-07-14T14:01:23Z
22b28f252c012b02c94a46cecfd0e19d80d1c1f2	2026-07-14T19:36:26Z
4f986b4b17e39804d325e7b3223c57a94ef6c6ed	2026-07-15T03:14:43Z
d685f2fa5ae4d4197442be174286a8f3ec88d205	2026-07-15T08:26:18Z
4a98aff4d8a4678e2e55beb9d2bc2ceeb027d641	2026-07-15T13:58:20Z
cf11f943f8bef6105cdc67503fa600ccbedff6c3	2026-07-15T19:22:12Z
381e6bcbda55e178ec914417945889ac78c910dc	2026-07-16T03:21:37Z
d4c51c5c096a45915ca6c7b94a7b2b70c3127ecc	2026-07-16T08:24:46Z
9db7759177c942c39b44de4eab5dd6e1c327b5aa	2026-07-16T14:09:46Z
fb1eaeb813e776ef09f03e832cb788c868dd72d1	2026-07-16T19:22:30Z
655c3f8c2300b5fce0d83356f5228396adce100c	2026-07-17T03:24:36Z
081989ae2838ca0affa03ec0934d34e5cd4455e2	2026-07-17T08:20:50Z
d8a1ceb736af89f5ad7c64dce2f3487665c69c4d	2026-07-17T13:53:56Z
057d1fa26a3fac2e232fbfe6dc84d322c6edb6b2	2026-07-17T19:20:13Z
8553f4e56051c9a679f2ef015e75597f71c17b6a	2026-07-18T03:13:47Z
ccec5cfaa97645fac4eff1ff01403befa0d020bc	2026-07-18T08:02:47Z
bea966ead61a7f596f0361653e74203fbd34b72c	2026-07-18T13:37:13Z
286d6453384b33b302c861fff58abb312a1bc6ee	2026-07-18T19:13:49Z
02f48f026abf8d3d7360fc65777d2aea499ae0a1	2026-07-19T03:34:12Z
6fa4f00b3545e0c326cca2da39abad4d6ea48a34	2026-07-19T08:28:29Z
acdf1145ec1ea9ea15963c29ae1e0631c3af6adc	2026-07-19T13:39:45Z
7013b7d61e05fd6997ec56b19c2af145fea7ecf0	2026-07-19T19:15:32Z
69e87dcdbea9c61d6b7bcef597aece36af7d37d1	2026-07-20T03:48:49Z
4bf0a2bb98296a3bc95f59cb269906765ff7cbed	2026-07-20T09:28:24Z
208088591d746ca7195e6df00accead27c3486c1	2026-07-20T14:23:11Z
57451633de2c275f83ec2fc19bcbc80edeb2f571	2026-07-20T19:50:25Z
1d4800a6144379db86bcaeef2aeebd5c62dfa02a	2026-07-21T03:27:58Z
